{
    "value0": {
        "T_imu_cam": [
            {
                "px": 0.19962848325603524,
                "py": 0.09052342364851745,
                "pz": -0.07676330684022821,
                "qx": -0.5216869030180878,
                "qy": 0.5222982616970334,
                "qz": -0.48782627961088637,
                "qw": 0.46591074463748405
            },
            {
                "px": 0.2006012912334055,
                "py": -0.10597859558483444,
                "pz": -0.07485362551439276,
                "qx": -0.5152458630497403,
                "qy": 0.5197312560079848,
                "qz": -0.4630693942459193,
                "qw": 0.49996785721805
            }
        ],
        "intrinsics": [
            {
                "camera_type": "ds",
                "intrinsics": {
                    "fx": 305.14194940555717,
                    "fy": 303.8238352200969,
                    "cx": 708.7753818774216,
                    "cy": 545.8966096353397,
                    "xi": -0.2275583322755737,
                    "alpha": 0.5817331383471089
                }
            },
            {
                "camera_type": "ds",
                "intrinsics": {
                    "fx": 319.27485635986636,
                    "fy": 318.5060170321763,
                    "cx": 701.528911405855,
                    "cy": 556.0750361953202,
                    "xi": -0.19167847285814865,
                    "alpha": 0.5939548938802841
                }
            }
        ],
        "resolution": [
            [
                1440,
                1080
            ],
            [
                1440,
                1080
            ]
        ],
        "vignette": [],
        "calib_accel_bias": [
            0.0,
            0.0,
            0.0,
            0.0,
            0.0,
            0.0,
            0.0,
            0.0,
            0.0
        ],
        "calib_gyro_bias": [
            0.0,
            0.0,
            0.0,
            0.0,
            0.0,
            0.0,
            0.0,
            0.0,
            0.0,
            0.0,
            0.0,
            0.0
        ],
        "imu_update_rate": 100.0,
        "accel_noise_std": [0.016, 0.016, 0.016],
        "gyro_noise_std": [0.000282, 0.000282, 0.000282],
        "accel_bias_std": [0.001, 0.001, 0.001],
        "gyro_bias_std": [0.0001, 0.0001, 0.0001],
        "cam_time_offset_ns": 0
    }
}
