{
    "value0": {
        "T_imu_cam": [
            {
                "px": 0.0003800731299948454,
                "py": -0.001472061229331605,
                "pz": 0.0017247470715380218,
                "qx": 0.5214440733705327,
                "qy": -0.5098276718920869,
                "qz": 0.4822046563159991,
                "qw": -0.4854384541288528
            },
            {
                "px": 0.0030318243371332265,
                "py": -0.20057465627068127,
                "pz": 0.00302216579069213,
                "qx": 0.5233309657118427,
                "qy": -0.5111889482097707,
                "qz": 0.48032482742400834,
                "qw": -0.4838373897451445
            }
        ],
        "intrinsics": [
            {
                "camera_type": "ds",
                "intrinsics": {
                    "fx": 320.68691207839925,
                    "fy": 319.53241563373956,
                    "cx": 712.4831301001125,
                    "cy": 536.0268018436429,
                    "xi": -0.19449373858729113,
                    "alpha": 0.5948200404806611
                }
            },
            {
                "camera_type": "ds",
                "intrinsics": {
                    "fx": 321.30891626217385,
                    "fy": 320.188130296608,
                    "cx": 685.4812832654545,
                    "cy": 563.8660806216003,
                    "xi": -0.19435216024547639,
                    "alpha": 0.5955663203225362
                }
            }
        ],
        "resolution": [
            [
                1440,
                1080
            ],
            [
                1440,
                1080
            ]
        ],
        "vignette": [],
        "calib_accel_bias": [
            0.0,
            0.0,
            0.0,
            0.0,
            0.0,
            0.0,
            0.0,
            0.0,
            0.0
        ],
        "calib_gyro_bias": [
            0.0,
            0.0,
            0.0,
            0.0,
            0.0,
            0.0,
            0.0,
            0.0,
            0.0,
            0.0,
            0.0,
            0.0
        ],
        "imu_update_rate": 180.0,
        "accel_noise_std": [0.016, 0.016, 0.016],
        "gyro_noise_std": [0.000282, 0.000282, 0.000282],
        "accel_bias_std": [0.001, 0.001, 0.001],
        "gyro_bias_std": [0.0001, 0.0001, 0.0001],
        "cam_time_offset_ns": 158407712
    }
}
