{
    "value0": {
        "T_imu_cam": [
            {
                "px": 0.1,
                "py": 0.1,
                "pz": 0,
                "qx": 0.5,
                "qy": -0.5,
                "qz": 0.5,
                "qw": -0.5
            },
            {
                "px": 0.11235005210822616,
                "py": -0.0954140642067936,
                "pz": 0.0015637141126129683,
                "qx": 0.5015595183914201,
                "qy": -0.4982648495155362,
                "qz": 0.49902644837047244,
                "qw": -0.5011414900753866
            }
        ],
        "intrinsics": [
            {
                "camera_type": "ds",
                "intrinsics": {
                    "fx": 318.6258270844586,
                    "fy": 317.4550408547758,
                    "cx": 712.3397614564794,
                    "cy": 537.9119819033568,
                    "xi": -0.20372875596446122,
                    "alpha": 0.5932819332397826
                }
            },
            {
                "camera_type": "ds",
                "intrinsics": {
                    "fx": 311.2199899152913,
                    "fy": 310.21782591516984,
                    "cx": 686.9628482449722,
                    "cy": 559.7453106995599,
                    "xi": -0.21943648659652323,
                    "alpha": 0.5876164072110415
                }
            }
        ],
        "resolution": [
            [
                1440,
                1080
            ],
            [
                1440,
                1080
            ]
        ],
        "vignette": [],
        "calib_accel_bias": [
            0.0,
            0.0,
            0.0,
            0.0,
            0.0,
            0.0,
            0.0,
            0.0,
            0.0
        ],
        "calib_gyro_bias": [
            0.0,
            0.0,
            0.0,
            0.0,
            0.0,
            0.0,
            0.0,
            0.0,
            0.0,
            0.0,
            0.0,
            0.0
        ],
        "imu_update_rate": 100.0,
        "accel_noise_std": [0.016, 0.016, 0.016],
        "gyro_noise_std": [0.000282, 0.000282, 0.000282],
        "accel_bias_std": [0.001, 0.001, 0.001],
        "gyro_bias_std": [0.0001, 0.0001, 0.0001],
        "cam_time_offset_ns": 0
    }
}
