{
    "value0": {
        "T_imu_cam": [
            {
                "px": 0.1,
                "py": 0.1,
                "pz": 0,
                "qx": 0.5,
                "qy": -0.5,
                "qz": 0.5,
                "qw": -0.5
            },
            {
                "px": 0.10217896101968546,
                "py": -0.09772049503914385,
                "pz": -0.0001294887712885856,
                "qx": 0.4975866675772584,
                "qy": -0.5017906737377074,
                "qz": 0.5027051035015446,
                "qw": -0.49789678339262033
            }
        ],
        "intrinsics": [
            {
                "camera_type": "ds",
                "intrinsics": {
                    "fx": 316.20159410212426,
                    "fy": 314.8053054259285,
                    "cx": 703.4088933688452,
                    "cy": 548.4752716097569,
                    "xi": -0.20455838035336035,
                    "alpha": 0.5914689862203412
                }
            },
            {
                "camera_type": "ds",
                "intrinsics": {
                    "fx": 317.065720547673,
                    "fy": 315.93533477463785,
                    "cx": 727.9233749313892,
                    "cy": 565.238262260534,
                    "xi": -0.20057540408450303,
                    "alpha": 0.5918605636149088
                }
            }
        ],
        "resolution": [
            [
                1440,
                1080
            ],
            [
                1440,
                1080
            ]
        ],
        "vignette": [],
        "calib_accel_bias": [
            0.0,
            0.0,
            0.0,
            0.0,
            0.0,
            0.0,
            0.0,
            0.0,
            0.0
        ],
        "calib_gyro_bias": [
            0.0,
            0.0,
            0.0,
            0.0,
            0.0,
            0.0,
            0.0,
            0.0,
            0.0,
            0.0,
            0.0,
            0.0
        ],
        "imu_update_rate": 200.0,
        "accel_noise_std": [0.02, 0.02, 0.02],
        "gyro_noise_std": [0.000282, 0.000282, 0.000282],
        "accel_bias_std": [0.001, 0.001, 0.001],
        "gyro_bias_std": [0.0001, 0.0001, 0.0001],
        "cam_time_offset_ns": 0
    }
}
