{
    "value0": {
        "T_imu_cam": [
            {
                "px": 0.021942402384404588,
                "py": 0.0023338854871904047,
                "pz": 0,
                "qx": -0.008277376821790333,
                "qy": 0.0009531916052616961,
                "qz": 0.9998138687643777,
                "qw": 0.017401272514426167
            },
            {
                "px": -0.17532871789438087,
                "py": 0.0054338750571823104,
                "pz": 0,
                "qx": -0.00246262781772928,
                "qy": -0.011128238708575766,
                "qz": 0.9999231691267436,
                "qw": 0.004873767639697083
            }
        ],
        "intrinsics": [
            {
                "camera_type": "ds",
                "intrinsics": {
                    "fx": 564.48781543034,
                    "fy": 562.058892253508,
                    "cx": 700.660594669215,
                    "cy": 588.9112112618119,
                    "xi": 0.42004964852638077,
                    "alpha": 0.7569428175128519
                }
            },
            {
                "camera_type": "ds",
                "intrinsics": {
                    "fx": 316.50619199781215,
                    "fy": 315.26190095331606,
                    "cx": 713.753626446486,
                    "cy": 566.7224046766843,
                    "xi": -0.19995561509706059,
                    "alpha": 0.5918641396043758
                }
            }
        ],
        "resolution": [
            [
                1440,
                1080
            ],
            [
                1440,
                1080
            ]
        ],
        "vignette": [],
        "calib_accel_bias": [
            0.0,
            0.0,
            0.0,
            0.0,
            0.0,
            0.0,
            0.0,
            0.0,
            0.0
        ],
        "calib_gyro_bias": [
            0.0,
            0.0,
            0.0,
            0.0,
            0.0,
            0.0,
            0.0,
            0.0,
            0.0,
            0.0,
            0.0,
            0.0
        ],
        "imu_update_rate": 100.0,
        "accel_noise_std": [0.016, 0.016, 0.016],
        "gyro_noise_std": [0.000282, 0.000282, 0.000282],
        "accel_bias_std": [0.001, 0.001, 0.001],
        "gyro_bias_std": [0.0001, 0.0001, 0.0001],
        "cam_time_offset_ns": 0
    }
}
